Emprestimo_ID;Genero;Casado;Dependentes;Educação;Empregado;Renda do Requerente;Renda do CoRequerente;Montantete do Empréstimo;Prazo do Valor do Empréstimo;Histórico de Crédito;Área da Propriedade;Status do Empréstimo
LP001002;Masculino;Não;0;Graduado;Não;5849;0.0;;360.0;1.0;Urbano;SIM
LP001003;Masculino;Sim;1;Graduado;Não;4583;1508.0;128.0;360.0;1.0;Rural;NÃO
LP001005;Masculino;Sim;0;Graduado;Sim;3000;0.0;66.0;360.0;1.0;Urbano;SIM
LP001006;Masculino;Sim;0;Não Graduado;Não;2583;2358.0;120.0;360.0;1.0;Urbano;SIM
LP001008;Masculino;Não;0;Graduado;Não;6000;0.0;141.0;360.0;1.0;Urbano;SIM
LP001011;Masculino;Sim;2;Graduado;Sim;5417;4196.0;267.0;360.0;1.0;Urbano;SIM
LP001013;Masculino;Sim;0;Não Graduado;Não;2333;1516.0;95.0;360.0;1.0;Urbano;SIM
LP001014;Masculino;Sim;3+;Graduado;Não;3036;2504.0;158.0;360.0;0.0;SemiUrbano;NÃO
LP001018;Masculino;Sim;2;Graduado;Não;4006;1526.0;168.0;360.0;1.0;Urbano;SIM
LP001020;Masculino;Sim;1;Graduado;Não;12841;10968.0;349.0;360.0;1.0;SemiUrbano;NÃO
LP001024;Masculino;Sim;2;Graduado;Não;3200;700.0;70.0;360.0;1.0;Urbano;SIM
LP001027;Masculino;Sim;2;Graduado;;2500;1840.0;109.0;360.0;1.0;Urbano;SIM
LP001028;Masculino;Sim;2;Graduado;Não;3073;8106.0;200.0;360.0;1.0;Urbano;SIM
LP001029;Masculino;Não;0;Graduado;Não;1853;2840.0;114.0;360.0;1.0;Rural;NÃO
LP001030;Masculino;Sim;2;Graduado;Não;1299;1086.0;17.0;120.0;1.0;Urbano;SIM
LP001032;Masculino;Não;0;Graduado;Não;4950;0.0;125.0;360.0;1.0;Urbano;SIM
LP001034;Masculino;Não;1;Não Graduado;Não;3596;0.0;100.0;240.0;;Urbano;SIM
LP001036;Feminino;Não;0;Graduado;Não;3510;0.0;76.0;360.0;0.0;Urbano;NÃO
LP001038;Masculino;Sim;0;Não Graduado;Não;4887;0.0;133.0;360.0;1.0;Rural;NÃO
LP001041;Masculino;Sim;0;Graduado;;2600;3500.0;115.0;;1.0;Urbano;SIM
LP001043;Masculino;Sim;0;Não Graduado;Não;7660;0.0;104.0;360.0;0.0;Urbano;NÃO
LP001046;Masculino;Sim;1;Graduado;Não;5955;5625.0;315.0;360.0;1.0;Urbano;SIM
LP001047;Masculino;Sim;0;Não Graduado;Não;2600;1911.0;116.0;360.0;0.0;SemiUrbano;NÃO
LP001050;;Sim;2;Não Graduado;Não;3365;1917.0;112.0;360.0;0.0;Rural;NÃO
LP001052;Masculino;Sim;1;Graduado;;3717;2925.0;151.0;360.0;;SemiUrbano;NÃO
LP001066;Masculino;Sim;0;Graduado;Sim;9560;0.0;191.0;360.0;1.0;SemiUrbano;SIM
LP001068;Masculino;Sim;0;Graduado;Não;2799;2253.0;122.0;360.0;1.0;SemiUrbano;SIM
LP001073;Masculino;Sim;2;Não Graduado;Não;4226;1040.0;110.0;360.0;1.0;Urbano;SIM
LP001086;Masculino;Não;0;Não Graduado;Não;1442;0.0;35.0;360.0;1.0;Urbano;NÃO
LP001087;Feminino;Não;2;Graduado;;3750;2083.0;120.0;360.0;1.0;SemiUrbano;SIM
LP001091;Masculino;Sim;1;Graduado;;4166;3369.0;201.0;360.0;;Urbano;NÃO
LP001095;Masculino;Não;0;Graduado;Não;3167;0.0;74.0;360.0;1.0;Urbano;NÃO
LP001097;Masculino;Não;1;Graduado;Sim;4692;0.0;106.0;360.0;1.0;Rural;NÃO
LP001098;Masculino;Sim;0;Graduado;Não;3500;1667.0;114.0;360.0;1.0;SemiUrbano;SIM
LP001100;Masculino;Não;3+;Graduado;Não;12500;3000.0;320.0;360.0;1.0;Rural;NÃO
LP001106;Masculino;Sim;0;Graduado;Não;2275;2067.0;;360.0;1.0;Urbano;SIM
LP001109;Masculino;Sim;0;Graduado;Não;1828;1330.0;100.0;;0.0;Urbano;NÃO
LP001112;Feminino;Sim;0;Graduado;Não;3667;1459.0;144.0;360.0;1.0;SemiUrbano;SIM
LP001114;Masculino;Não;0;Graduado;Não;4166;7210.0;184.0;360.0;1.0;Urbano;SIM
LP001116;Masculino;Não;0;Não Graduado;Não;3748;1668.0;110.0;360.0;1.0;SemiUrbano;SIM
LP001119;Masculino;Não;0;Graduado;Não;3600;0.0;80.0;360.0;1.0;Urbano;NÃO
LP001120;Masculino;Não;0;Graduado;Não;1800;1213.0;47.0;360.0;1.0;Urbano;SIM
LP001123;Masculino;Sim;0;Graduado;Não;2400;0.0;75.0;360.0;;Urbano;SIM
LP001131;Masculino;Sim;0;Graduado;Não;3941;2336.0;134.0;360.0;1.0;SemiUrbano;SIM
LP001136;Masculino;Sim;0;Não Graduado;Sim;4695;0.0;96.0;;1.0;Urbano;SIM
LP001137;Feminino;Não;0;Graduado;Não;3410;0.0;88.0;;1.0;Urbano;SIM
LP001138;Masculino;Sim;1;Graduado;Não;5649;0.0;44.0;360.0;1.0;Urbano;SIM
LP001144;Masculino;Sim;0;Graduado;Não;5821;0.0;144.0;360.0;1.0;Urbano;SIM
LP001146;Feminino;Sim;0;Graduado;Não;2645;3440.0;120.0;360.0;0.0;Urbano;NÃO
LP001151;Feminino;Não;0;Graduado;Não;4000;2275.0;144.0;360.0;1.0;SemiUrbano;SIM
LP001155;Feminino;Sim;0;Não Graduado;Não;1928;1644.0;100.0;360.0;1.0;SemiUrbano;SIM
LP001157;Feminino;Não;0;Graduado;Não;3086;0.0;120.0;360.0;1.0;SemiUrbano;SIM
LP001164;Feminino;Não;0;Graduado;Não;4230;0.0;112.0;360.0;1.0;SemiUrbano;NÃO
LP001179;Masculino;Sim;2;Graduado;Não;4616;0.0;134.0;360.0;1.0;Urbano;NÃO
LP001186;Feminino;Sim;1;Graduado;Sim;11500;0.0;286.0;360.0;0.0;Urbano;NÃO
LP001194;Masculino;Sim;2;Graduado;Não;2708;1167.0;97.0;360.0;1.0;SemiUrbano;SIM
LP001195;Masculino;Sim;0;Graduado;Não;2132;1591.0;96.0;360.0;1.0;SemiUrbano;SIM
LP001197;Masculino;Sim;0;Graduado;Não;3366;2200.0;135.0;360.0;1.0;Rural;NÃO
LP001198;Masculino;Sim;1;Graduado;Não;8080;2250.0;180.0;360.0;1.0;Urbano;SIM
LP001199;Masculino;Sim;2;Não Graduado;Não;3357;2859.0;144.0;360.0;1.0;Urbano;SIM
LP001205;Masculino;Sim;0;Graduado;Não;2500;3796.0;120.0;360.0;1.0;Urbano;SIM
LP001206;Masculino;Sim;3+;Graduado;Não;3029;0.0;99.0;360.0;1.0;Urbano;SIM
LP001207;Masculino;Sim;0;Não Graduado;Sim;2609;3449.0;165.0;180.0;0.0;Rural;NÃO
LP001213;Masculino;Sim;1;Graduado;Não;4945;0.0;;360.0;0.0;Rural;NÃO
LP001222;Feminino;Não;0;Graduado;Não;4166;0.0;116.0;360.0;0.0;SemiUrbano;NÃO
LP001225;Masculino;Sim;0;Graduado;Não;5726;4595.0;258.0;360.0;1.0;SemiUrbano;NÃO
LP001228;Masculino;Não;0;Não Graduado;Não;3200;2254.0;126.0;180.0;0.0;Urbano;NÃO
LP001233;Masculino;Sim;1;Graduado;Não;10750;0.0;312.0;360.0;1.0;Urbano;SIM
LP001238;Masculino;Sim;3+;Não Graduado;Sim;7100;0.0;125.0;60.0;1.0;Urbano;SIM
LP001241;Feminino;Não;0;Graduado;Não;4300;0.0;136.0;360.0;0.0;SemiUrbano;NÃO
LP001243;Masculino;Sim;0;Graduado;Não;3208;3066.0;172.0;360.0;1.0;Urbano;SIM
LP001245;Masculino;Sim;2;Não Graduado;Sim;1875;1875.0;97.0;360.0;1.0;SemiUrbano;SIM
LP001248;Masculino;Não;0;Graduado;Não;3500;0.0;81.0;300.0;1.0;SemiUrbano;SIM
LP001250;Masculino;Sim;3+;Não Graduado;Não;4755;0.0;95.0;;0.0;SemiUrbano;NÃO
LP001253;Masculino;Sim;3+;Graduado;Sim;5266;1774.0;187.0;360.0;1.0;SemiUrbano;SIM
LP001255;Masculino;Não;0;Graduado;Não;3750;0.0;113.0;480.0;1.0;Urbano;NÃO
LP001256;Masculino;Não;0;Graduado;Não;3750;4750.0;176.0;360.0;1.0;Urbano;NÃO
LP001259;Masculino;Sim;1;Graduado;Sim;1000;3022.0;110.0;360.0;1.0;Urbano;NÃO
LP001263;Masculino;Sim;3+;Graduado;Não;3167;4000.0;180.0;300.0;0.0;SemiUrbano;NÃO
LP001264;Masculino;Sim;3+;Não Graduado;Sim;3333;2166.0;130.0;360.0;;SemiUrbano;SIM
LP001265;Feminino;Não;0;Graduado;Não;3846;0.0;111.0;360.0;1.0;SemiUrbano;SIM
LP001266;Masculino;Sim;1;Graduado;Sim;2395;0.0;;360.0;1.0;SemiUrbano;SIM
LP001267;Feminino;Sim;2;Graduado;Não;1378;1881.0;167.0;360.0;1.0;Urbano;NÃO
LP001273;Masculino;Sim;0;Graduado;Não;6000;2250.0;265.0;360.0;;SemiUrbano;NÃO
LP001275;Masculino;Sim;1;Graduado;Não;3988;0.0;50.0;240.0;1.0;Urbano;SIM
LP001279;Masculino;Não;0;Graduado;Não;2366;2531.0;136.0;360.0;1.0;SemiUrbano;SIM
LP001280;Masculino;Sim;2;Não Graduado;Não;3333;2000.0;99.0;360.0;;SemiUrbano;SIM
LP001282;Masculino;Sim;0;Graduado;Não;2500;2118.0;104.0;360.0;1.0;SemiUrbano;SIM
LP001289;Masculino;Não;0;Graduado;Não;8566;0.0;210.0;360.0;1.0;Urbano;SIM
LP001310;Masculino;Sim;0;Graduado;Não;5695;4167.0;175.0;360.0;1.0;SemiUrbano;SIM
LP001316;Masculino;Sim;0;Graduado;Não;2958;2900.0;131.0;360.0;1.0;SemiUrbano;SIM
LP001318;Masculino;Sim;2;Graduado;Não;6250;5654.0;188.0;180.0;1.0;SemiUrbano;SIM
LP001319;Masculino;Sim;2;Não Graduado;Não;3273;1820.0;81.0;360.0;1.0;Urbano;SIM
LP001322;Masculino;Não;0;Graduado;Não;4133;0.0;122.0;360.0;1.0;SemiUrbano;SIM
LP001325;Masculino;Não;0;Não Graduado;Não;3620;0.0;25.0;120.0;1.0;SemiUrbano;SIM
LP001326;Masculino;Não;0;Graduado;;6782;0.0;;360.0;;Urbano;NÃO
LP001327;Feminino;Sim;0;Graduado;Não;2484;2302.0;137.0;360.0;1.0;SemiUrbano;SIM
LP001333;Masculino;Sim;0;Graduado;Não;1977;997.0;50.0;360.0;1.0;SemiUrbano;SIM
LP001334;Masculino;Sim;0;Não Graduado;Não;4188;0.0;115.0;180.0;1.0;SemiUrbano;SIM
LP001343;Masculino;Sim;0;Graduado;Não;1759;3541.0;131.0;360.0;1.0;SemiUrbano;SIM
LP001345;Masculino;Sim;2;Não Graduado;Não;4288;3263.0;133.0;180.0;1.0;Urbano;SIM
LP001349;Masculino;Não;0;Graduado;Não;4843;3806.0;151.0;360.0;1.0;SemiUrbano;SIM
LP001350;Masculino;Sim;;Graduado;Não;13650;0.0;;360.0;1.0;Urbano;SIM
LP001356;Masculino;Sim;0;Graduado;Não;4652;3583.0;;360.0;1.0;SemiUrbano;SIM
LP001357;Masculino;;;Graduado;Não;3816;754.0;160.0;360.0;1.0;Urbano;SIM
LP001367;Masculino;Sim;1;Graduado;Não;3052;1030.0;100.0;360.0;1.0;Urbano;SIM
LP001369;Masculino;Sim;2;Graduado;Não;11417;1126.0;225.0;360.0;1.0;Urbano;SIM
LP001370;Masculino;Não;0;Não Graduado;;7333;0.0;120.0;360.0;1.0;Rural;NÃO
LP001379;Masculino;Sim;2;Graduado;Não;3800;3600.0;216.0;360.0;0.0;Urbano;NÃO
LP001384;Masculino;Sim;3+;Não Graduado;Não;2071;754.0;94.0;480.0;1.0;SemiUrbano;SIM
LP001385;Masculino;Não;0;Graduado;Não;5316;0.0;136.0;360.0;1.0;Urbano;SIM
LP001387;Feminino;Sim;0;Graduado;;2929;2333.0;139.0;360.0;1.0;SemiUrbano;SIM
LP001391;Masculino;Sim;0;Não Graduado;Não;3572;4114.0;152.0;;0.0;Rural;NÃO
LP001392;Feminino;Não;1;Graduado;Sim;7451;0.0;;360.0;1.0;SemiUrbano;SIM
LP001398;Masculino;Não;0;Graduado;;5050;0.0;118.0;360.0;1.0;SemiUrbano;SIM
LP001401;Masculino;Sim;1;Graduado;Não;14583;0.0;185.0;180.0;1.0;Rural;SIM
LP001404;Feminino;Sim;0;Graduado;Não;3167;2283.0;154.0;360.0;1.0;SemiUrbano;SIM
LP001405;Masculino;Sim;1;Graduado;Não;2214;1398.0;85.0;360.0;;Urbano;SIM
LP001421;Masculino;Sim;0;Graduado;Não;5568;2142.0;175.0;360.0;1.0;Rural;NÃO
LP001422;Feminino;Não;0;Graduado;Não;10408;0.0;259.0;360.0;1.0;Urbano;SIM
LP001426;Masculino;Sim;;Graduado;Não;5667;2667.0;180.0;360.0;1.0;Rural;SIM
LP001430;Feminino;Não;0;Graduado;Não;4166;0.0;44.0;360.0;1.0;SemiUrbano;SIM
LP001431;Feminino;Não;0;Graduado;Não;2137;8980.0;137.0;360.0;0.0;SemiUrbano;SIM
LP001432;Masculino;Sim;2;Graduado;Não;2957;0.0;81.0;360.0;1.0;SemiUrbano;SIM
LP001439;Masculino;Sim;0;Não Graduado;Não;4300;2014.0;194.0;360.0;1.0;Rural;SIM
LP001443;Feminino;Não;0;Graduado;Não;3692;0.0;93.0;360.0;;Rural;SIM
LP001448;;Sim;3+;Graduado;Não;23803;0.0;370.0;360.0;1.0;Rural;SIM
LP001449;Masculino;Não;0;Graduado;Não;3865;1640.0;;360.0;1.0;Rural;SIM
LP001451;Masculino;Sim;1;Graduado;Sim;10513;3850.0;160.0;180.0;0.0;Urbano;NÃO
LP001465;Masculino;Sim;0;Graduado;Não;6080;2569.0;182.0;360.0;;Rural;NÃO
LP001469;Masculino;Não;0;Graduado;Sim;20166;0.0;650.0;480.0;;Urbano;SIM
LP001473;Masculino;Não;0;Graduado;Não;2014;1929.0;74.0;360.0;1.0;Urbano;SIM
LP001478;Masculino;Não;0;Graduado;Não;2718;0.0;70.0;360.0;1.0;SemiUrbano;SIM
LP001482;Masculino;Sim;0;Graduado;Sim;3459;0.0;25.0;120.0;1.0;SemiUrbano;SIM
LP001487;Masculino;Não;0;Graduado;Não;4895;0.0;102.0;360.0;1.0;SemiUrbano;SIM
LP001488;Masculino;Sim;3+;Graduado;Não;4000;7750.0;290.0;360.0;1.0;SemiUrbano;NÃO
LP001489;Feminino;Sim;0;Graduado;Não;4583;0.0;84.0;360.0;1.0;Rural;NÃO
LP001491;Masculino;Sim;2;Graduado;Sim;3316;3500.0;88.0;360.0;1.0;Urbano;SIM
LP001492;Masculino;Não;0;Graduado;Não;14999;0.0;242.0;360.0;0.0;SemiUrbano;NÃO
LP001493;Masculino;Sim;2;Não Graduado;Não;4200;1430.0;129.0;360.0;1.0;Rural;NÃO
LP001497;Masculino;Sim;2;Graduado;Não;5042;2083.0;185.0;360.0;1.0;Rural;NÃO
LP001498;Masculino;Não;0;Graduado;Não;5417;0.0;168.0;360.0;1.0;Urbano;SIM
LP001504;Masculino;Não;0;Graduado;Sim;6950;0.0;175.0;180.0;1.0;SemiUrbano;SIM
LP001507;Masculino;Sim;0;Graduado;Não;2698;2034.0;122.0;360.0;1.0;SemiUrbano;SIM
LP001508;Masculino;Sim;2;Graduado;Não;11757;0.0;187.0;180.0;1.0;Urbano;SIM
LP001514;Feminino;Sim;0;Graduado;Não;2330;4486.0;100.0;360.0;1.0;SemiUrbano;SIM
LP001516;Feminino;Sim;2;Graduado;Não;14866;0.0;70.0;360.0;1.0;Urbano;SIM
LP001518;Masculino;Sim;1;Graduado;Não;1538;1425.0;30.0;360.0;1.0;Urbano;SIM
LP001519;Feminino;Não;0;Graduado;Não;10000;1666.0;225.0;360.0;1.0;Rural;NÃO
LP001520;Masculino;Sim;0;Graduado;Não;4860;830.0;125.0;360.0;1.0;SemiUrbano;SIM
LP001528;Masculino;Não;0;Graduado;Não;6277;0.0;118.0;360.0;0.0;Rural;NÃO
LP001529;Masculino;Sim;0;Graduado;Sim;2577;3750.0;152.0;360.0;1.0;Rural;SIM
LP001531;Masculino;Não;0;Graduado;Não;9166;0.0;244.0;360.0;1.0;Urbano;NÃO
LP001532;Masculino;Sim;2;Não Graduado;Não;2281;0.0;113.0;360.0;1.0;Rural;NÃO
LP001535;Masculino;Não;0;Graduado;Não;3254;0.0;50.0;360.0;1.0;Urbano;SIM
LP001536;Masculino;Sim;3+;Graduado;Não;39999;0.0;600.0;180.0;0.0;SemiUrbano;SIM
LP001541;Masculino;Sim;1;Graduado;Não;6000;0.0;160.0;360.0;;Rural;SIM
LP001543;Masculino;Sim;1;Graduado;Não;9538;0.0;187.0;360.0;1.0;Urbano;SIM
LP001546;Masculino;Não;0;Graduado;;2980;2083.0;120.0;360.0;1.0;Rural;SIM
LP001552;Masculino;Sim;0;Graduado;Não;4583;5625.0;255.0;360.0;1.0;SemiUrbano;SIM
LP001560;Masculino;Sim;0;Não Graduado;Não;1863;1041.0;98.0;360.0;1.0;SemiUrbano;SIM
LP001562;Masculino;Sim;0;Graduado;Não;7933;0.0;275.0;360.0;1.0;Urbano;NÃO
LP001565;Masculino;Sim;1;Graduado;Não;3089;1280.0;121.0;360.0;0.0;SemiUrbano;NÃO
LP001570;Masculino;Sim;2;Graduado;Não;4167;1447.0;158.0;360.0;1.0;Rural;SIM
LP001572;Masculino;Sim;0;Graduado;Não;9323;0.0;75.0;180.0;1.0;Urbano;SIM
LP001574;Masculino;Sim;0;Graduado;Não;3707;3166.0;182.0;;1.0;Rural;SIM
LP001577;Feminino;Sim;0;Graduado;Não;4583;0.0;112.0;360.0;1.0;Rural;NÃO
LP001578;Masculino;Sim;0;Graduado;Não;2439;3333.0;129.0;360.0;1.0;Rural;SIM
LP001579;Masculino;Não;0;Graduado;Não;2237;0.0;63.0;480.0;0.0;SemiUrbano;NÃO
LP001580;Masculino;Sim;2;Graduado;Não;8000;0.0;200.0;360.0;1.0;SemiUrbano;SIM
LP001581;Masculino;Sim;0;Não Graduado;;1820;1769.0;95.0;360.0;1.0;Rural;SIM
LP001585;;Sim;3+;Graduado;Não;51763;0.0;700.0;300.0;1.0;Urbano;SIM
LP001586;Masculino;Sim;3+;Não Graduado;Não;3522;0.0;81.0;180.0;1.0;Rural;NÃO
LP001594;Masculino;Sim;0;Graduado;Não;5708;5625.0;187.0;360.0;1.0;SemiUrbano;SIM
LP001603;Masculino;Sim;0;Não Graduado;Sim;4344;736.0;87.0;360.0;1.0;SemiUrbano;NÃO
LP001606;Masculino;Sim;0;Graduado;Não;3497;1964.0;116.0;360.0;1.0;Rural;SIM
LP001608;Masculino;Sim;2;Graduado;Não;2045;1619.0;101.0;360.0;1.0;Rural;SIM
LP001610;Masculino;Sim;3+;Graduado;Não;5516;11300.0;495.0;360.0;0.0;SemiUrbano;NÃO
LP001616;Masculino;Sim;1;Graduado;Não;3750;0.0;116.0;360.0;1.0;SemiUrbano;SIM
LP001630;Masculino;Não;0;Não Graduado;Não;2333;1451.0;102.0;480.0;0.0;Urbano;NÃO
LP001633;Masculino;Sim;1;Graduado;Não;6400;7250.0;180.0;360.0;0.0;Urbano;NÃO
LP001634;Masculino;Não;0;Graduado;Não;1916;5063.0;67.0;360.0;;Rural;NÃO
LP001636;Masculino;Sim;0;Graduado;Não;4600;0.0;73.0;180.0;1.0;SemiUrbano;SIM
LP001637;Masculino;Sim;1;Graduado;Não;33846;0.0;260.0;360.0;1.0;SemiUrbano;NÃO
LP001639;Feminino;Sim;0;Graduado;Não;3625;0.0;108.0;360.0;1.0;SemiUrbano;SIM
LP001640;Masculino;Sim;0;Graduado;Sim;39147;4750.0;120.0;360.0;1.0;SemiUrbano;SIM
LP001641;Masculino;Sim;1;Graduado;Sim;2178;0.0;66.0;300.0;0.0;Rural;NÃO
LP001643;Masculino;Sim;0;Graduado;Não;2383;2138.0;58.0;360.0;;Rural;SIM
LP001644;;Sim;0;Graduado;Sim;674;5296.0;168.0;360.0;1.0;Rural;SIM
LP001647;Masculino;Sim;0;Graduado;Não;9328;0.0;188.0;180.0;1.0;Rural;SIM
LP001653;Masculino;Não;0;Não Graduado;Não;4885;0.0;48.0;360.0;1.0;Rural;SIM
LP001656;Masculino;Não;0;Graduado;Não;12000;0.0;164.0;360.0;1.0;SemiUrbano;NÃO
LP001657;Masculino;Sim;0;Não Graduado;Não;6033;0.0;160.0;360.0;1.0;Urbano;NÃO
LP001658;Masculino;Não;0;Graduado;Não;3858;0.0;76.0;360.0;1.0;SemiUrbano;SIM
LP001664;Masculino;Não;0;Graduado;Não;4191;0.0;120.0;360.0;1.0;Rural;SIM
LP001665;Masculino;Sim;1;Graduado;Não;3125;2583.0;170.0;360.0;1.0;SemiUrbano;NÃO
LP001666;Masculino;Não;0;Graduado;Não;8333;3750.0;187.0;360.0;1.0;Rural;SIM
LP001669;Feminino;Não;0;Não Graduado;Não;1907;2365.0;120.0;;1.0;Urbano;SIM
LP001671;Feminino;Sim;0;Graduado;Não;3416;2816.0;113.0;360.0;;SemiUrbano;SIM
LP001673;Masculino;Não;0;Graduado;Sim;11000;0.0;83.0;360.0;1.0;Urbano;NÃO
LP001674;Masculino;Sim;1;Não Graduado;Não;2600;2500.0;90.0;360.0;1.0;SemiUrbano;SIM
LP001677;Masculino;Não;2;Graduado;Não;4923;0.0;166.0;360.0;0.0;SemiUrbano;SIM
LP001682;Masculino;Sim;3+;Não Graduado;Não;3992;0.0;;180.0;1.0;Urbano;NÃO
LP001688;Masculino;Sim;1;Não Graduado;Não;3500;1083.0;135.0;360.0;1.0;Urbano;SIM
LP001691;Masculino;Sim;2;Não Graduado;Não;3917;0.0;124.0;360.0;1.0;SemiUrbano;SIM
LP001692;Feminino;Não;0;Não Graduado;Não;4408;0.0;120.0;360.0;1.0;SemiUrbano;SIM
LP001693;Feminino;Não;0;Graduado;Não;3244;0.0;80.0;360.0;1.0;Urbano;SIM
LP001698;Masculino;Não;0;Não Graduado;Não;3975;2531.0;55.0;360.0;1.0;Rural;SIM
LP001699;Masculino;Não;0;Graduado;Não;2479;0.0;59.0;360.0;1.0;Urbano;SIM
LP001702;Masculino;Não;0;Graduado;Não;3418;0.0;127.0;360.0;1.0;SemiUrbano;NÃO
LP001708;Feminino;Não;0;Graduado;Não;10000;0.0;214.0;360.0;1.0;SemiUrbano;NÃO
LP001711;Masculino;Sim;3+;Graduado;Não;3430;1250.0;128.0;360.0;0.0;SemiUrbano;NÃO
LP001713;Masculino;Sim;1;Graduado;Sim;7787;0.0;240.0;360.0;1.0;Urbano;SIM
LP001715;Masculino;Sim;3+;Não Graduado;Sim;5703;0.0;130.0;360.0;1.0;Rural;SIM
LP001716;Masculino;Sim;0;Graduado;Não;3173;3021.0;137.0;360.0;1.0;Urbano;SIM
LP001720;Masculino;Sim;3+;Não Graduado;Não;3850;983.0;100.0;360.0;1.0;SemiUrbano;SIM
LP001722;Masculino;Sim;0;Graduado;Não;150;1800.0;135.0;360.0;1.0;Rural;NÃO
LP001726;Masculino;Sim;0;Graduado;Não;3727;1775.0;131.0;360.0;1.0;SemiUrbano;SIM
LP001732;Masculino;Sim;2;Graduado;;5000;0.0;72.0;360.0;0.0;SemiUrbano;NÃO
LP001734;Feminino;Sim;2;Graduado;Não;4283;2383.0;127.0;360.0;;SemiUrbano;SIM
LP001736;Masculino;Sim;0;Graduado;Não;2221;0.0;60.0;360.0;0.0;Urbano;NÃO
LP001743;Masculino;Sim;2;Graduado;Não;4009;1717.0;116.0;360.0;1.0;SemiUrbano;SIM
LP001744;Masculino;Não;0;Graduado;Não;2971;2791.0;144.0;360.0;1.0;SemiUrbano;SIM
LP001749;Masculino;Sim;0;Graduado;Não;7578;1010.0;175.0;;1.0;SemiUrbano;SIM
LP001750;Masculino;Sim;0;Graduado;Não;6250;0.0;128.0;360.0;1.0;SemiUrbano;SIM
LP001751;Masculino;Sim;0;Graduado;Não;3250;0.0;170.0;360.0;1.0;Rural;NÃO
LP001754;Masculino;Sim;;Não Graduado;Sim;4735;0.0;138.0;360.0;1.0;Urbano;NÃO
LP001758;Masculino;Sim;2;Graduado;Não;6250;1695.0;210.0;360.0;1.0;SemiUrbano;SIM
LP001760;Masculino;;;Graduado;Não;4758;0.0;158.0;480.0;1.0;SemiUrbano;SIM
LP001761;Masculino;Não;0;Graduado;Sim;6400;0.0;200.0;360.0;1.0;Rural;SIM
LP001765;Masculino;Sim;1;Graduado;Não;2491;2054.0;104.0;360.0;1.0;SemiUrbano;SIM
LP001768;Masculino;Sim;0;Graduado;;3716;0.0;42.0;180.0;1.0;Rural;SIM
LP001770;Masculino;Não;0;Não Graduado;Não;3189;2598.0;120.0;;1.0;Rural;SIM
LP001776;Feminino;Não;0;Graduado;Não;8333;0.0;280.0;360.0;1.0;SemiUrbano;SIM
LP001778;Masculino;Sim;1;Graduado;Não;3155;1779.0;140.0;360.0;1.0;SemiUrbano;SIM
LP001784;Masculino;Sim;1;Graduado;Não;5500;1260.0;170.0;360.0;1.0;Rural;SIM
LP001786;Masculino;Sim;0;Graduado;;5746;0.0;255.0;360.0;;Urbano;NÃO
LP001788;Feminino;Não;0;Graduado;Sim;3463;0.0;122.0;360.0;;Urbano;SIM
LP001790;Feminino;Não;1;Graduado;Não;3812;0.0;112.0;360.0;1.0;Rural;SIM
LP001792;Masculino;Sim;1;Graduado;Não;3315;0.0;96.0;360.0;1.0;SemiUrbano;SIM
LP001798;Masculino;Sim;2;Graduado;Não;5819;5000.0;120.0;360.0;1.0;Rural;SIM
LP001800;Masculino;Sim;1;Não Graduado;Não;2510;1983.0;140.0;180.0;1.0;Urbano;NÃO
LP001806;Masculino;Não;0;Graduado;Não;2965;5701.0;155.0;60.0;1.0;Urbano;SIM
LP001807;Masculino;Sim;2;Graduado;Sim;6250;1300.0;108.0;360.0;1.0;Rural;SIM
LP001811;Masculino;Sim;0;Não Graduado;Não;3406;4417.0;123.0;360.0;1.0;SemiUrbano;SIM
LP001813;Masculino;Não;0;Graduado;Sim;6050;4333.0;120.0;180.0;1.0;Urbano;NÃO
LP001814;Masculino;Sim;2;Graduado;Não;9703;0.0;112.0;360.0;1.0;Urbano;SIM
LP001819;Masculino;Sim;1;Não Graduado;Não;6608;0.0;137.0;180.0;1.0;Urbano;SIM
LP001824;Masculino;Sim;1;Graduado;Não;2882;1843.0;123.0;480.0;1.0;SemiUrbano;SIM
LP001825;Masculino;Sim;0;Graduado;Não;1809;1868.0;90.0;360.0;1.0;Urbano;SIM
LP001835;Masculino;Sim;0;Não Graduado;Não;1668;3890.0;201.0;360.0;0.0;SemiUrbano;NÃO
LP001836;Feminino;Não;2;Graduado;Não;3427;0.0;138.0;360.0;1.0;Urbano;NÃO
LP001841;Masculino;Não;0;Não Graduado;Sim;2583;2167.0;104.0;360.0;1.0;Rural;SIM
LP001843;Masculino;Sim;1;Não Graduado;Não;2661;7101.0;279.0;180.0;1.0;SemiUrbano;SIM
LP001844;Masculino;Não;0;Graduado;Sim;16250;0.0;192.0;360.0;0.0;Urbano;NÃO
LP001846;Feminino;Não;3+;Graduado;Não;3083;0.0;255.0;360.0;1.0;Rural;SIM
LP001849;Masculino;Não;0;Não Graduado;Não;6045;0.0;115.0;360.0;0.0;Rural;NÃO
LP001854;Masculino;Sim;3+;Graduado;Não;5250;0.0;94.0;360.0;1.0;Urbano;NÃO
LP001859;Masculino;Sim;0;Graduado;Não;14683;2100.0;304.0;360.0;1.0;Rural;NÃO
LP001864;Masculino;Sim;3+;Não Graduado;Não;4931;0.0;128.0;360.0;;SemiUrbano;NÃO
LP001865;Masculino;Sim;1;Graduado;Não;6083;4250.0;330.0;360.0;;Urbano;SIM
LP001868;Masculino;Não;0;Graduado;Não;2060;2209.0;134.0;360.0;1.0;SemiUrbano;SIM
LP001870;Feminino;Não;1;Graduado;Não;3481;0.0;155.0;36.0;1.0;SemiUrbano;NÃO
LP001871;Feminino;Não;0;Graduado;Não;7200;0.0;120.0;360.0;1.0;Rural;SIM
LP001872;Masculino;Não;0;Graduado;Sim;5166;0.0;128.0;360.0;1.0;SemiUrbano;SIM
LP001875;Masculino;Não;0;Graduado;Não;4095;3447.0;151.0;360.0;1.0;Rural;SIM
LP001877;Masculino;Sim;2;Graduado;Não;4708;1387.0;150.0;360.0;1.0;SemiUrbano;SIM
LP001882;Masculino;Sim;3+;Graduado;Não;4333;1811.0;160.0;360.0;0.0;Urbano;SIM
LP001883;Feminino;Não;0;Graduado;;3418;0.0;135.0;360.0;1.0;Rural;NÃO
LP001884;Feminino;Não;1;Graduado;Não;2876;1560.0;90.0;360.0;1.0;Urbano;SIM
LP001888;Feminino;Não;0;Graduado;Não;3237;0.0;30.0;360.0;1.0;Urbano;SIM
LP001891;Masculino;Sim;0;Graduado;Não;11146;0.0;136.0;360.0;1.0;Urbano;SIM
LP001892;Masculino;Não;0;Graduado;Não;2833;1857.0;126.0;360.0;1.0;Rural;SIM
LP001894;Masculino;Sim;0;Graduado;Não;2620;2223.0;150.0;360.0;1.0;SemiUrbano;SIM
LP001896;Masculino;Sim;2;Graduado;Não;3900;0.0;90.0;360.0;1.0;SemiUrbano;SIM
LP001900;Masculino;Sim;1;Graduado;Não;2750;1842.0;115.0;360.0;1.0;SemiUrbano;SIM
LP001903;Masculino;Sim;0;Graduado;Não;3993;3274.0;207.0;360.0;1.0;SemiUrbano;SIM
LP001904;Masculino;Sim;0;Graduado;Não;3103;1300.0;80.0;360.0;1.0;Urbano;SIM
LP001907;Masculino;Sim;0;Graduado;Não;14583;0.0;436.0;360.0;1.0;SemiUrbano;SIM
LP001908;Feminino;Sim;0;Não Graduado;Não;4100;0.0;124.0;360.0;;Rural;SIM
LP001910;Masculino;Não;1;Não Graduado;Sim;4053;2426.0;158.0;360.0;0.0;Urbano;NÃO
LP001914;Masculino;Sim;0;Graduado;Não;3927;800.0;112.0;360.0;1.0;SemiUrbano;SIM
LP001915;Masculino;Sim;2;Graduado;Não;2301;9.857.999.878;78.0;180.0;1.0;Urbano;SIM
LP001917;Feminino;Não;0;Graduado;Não;1811;1666.0;54.0;360.0;1.0;Urbano;SIM
LP001922;Masculino;Sim;0;Graduado;Não;20667;0.0;;360.0;1.0;Rural;NÃO
LP001924;Masculino;Não;0;Graduado;Não;3158;3053.0;89.0;360.0;1.0;Rural;SIM
LP001925;Feminino;Não;0;Graduado;Sim;2600;1717.0;99.0;300.0;1.0;SemiUrbano;NÃO
LP001926;Masculino;Sim;0;Graduado;Não;3704;2000.0;120.0;360.0;1.0;Rural;SIM
LP001931;Feminino;Não;0;Graduado;Não;4124;0.0;115.0;360.0;1.0;SemiUrbano;SIM
LP001935;Masculino;Não;0;Graduado;Não;9508;0.0;187.0;360.0;1.0;Rural;SIM
LP001936;Masculino;Sim;0;Graduado;Não;3075;2416.0;139.0;360.0;1.0;Rural;SIM
LP001938;Masculino;Sim;2;Graduado;Não;4400;0.0;127.0;360.0;0.0;SemiUrbano;NÃO
LP001940;Masculino;Sim;2;Graduado;Não;3153;1560.0;134.0;360.0;1.0;Urbano;SIM
LP001945;Feminino;Não;;Graduado;Não;5417;0.0;143.0;480.0;0.0;Urbano;NÃO
LP001947;Masculino;Sim;0;Graduado;Não;2383;3334.0;172.0;360.0;1.0;SemiUrbano;SIM
LP001949;Masculino;Sim;3+;Graduado;;4416;1250.0;110.0;360.0;1.0;Urbano;SIM
LP001953;Masculino;Sim;1;Graduado;Não;6875;0.0;200.0;360.0;1.0;SemiUrbano;SIM
LP001954;Feminino;Sim;1;Graduado;Não;4666;0.0;135.0;360.0;1.0;Urbano;SIM
LP001955;Feminino;Não;0;Graduado;Não;5000;2541.0;151.0;480.0;1.0;Rural;NÃO
LP001963;Masculino;Sim;1;Graduado;Não;2014;2925.0;113.0;360.0;1.0;Urbano;NÃO
LP001964;Masculino;Sim;0;Não Graduado;Não;1800;2934.0;93.0;360.0;0.0;Urbano;NÃO
LP001972;Masculino;Sim;;Não Graduado;Não;2875;1750.0;105.0;360.0;1.0;SemiUrbano;SIM
LP001974;Feminino;Não;0;Graduado;Não;5000;0.0;132.0;360.0;1.0;Rural;SIM
LP001977;Masculino;Sim;1;Graduado;Não;1625;1803.0;96.0;360.0;1.0;Urbano;SIM
LP001978;Masculino;Não;0;Graduado;Não;4000;2500.0;140.0;360.0;1.0;Rural;SIM
LP001990;Masculino;Não;0;Não Graduado;Não;2000;0.0;;360.0;1.0;Urbano;NÃO
LP001993;Feminino;Não;0;Graduado;Não;3762;1666.0;135.0;360.0;1.0;Rural;SIM
LP001994;Feminino;Não;0;Graduado;Não;2400;1863.0;104.0;360.0;0.0;Urbano;NÃO
LP001996;Masculino;Não;0;Graduado;Não;20233;0.0;480.0;360.0;1.0;Rural;NÃO
LP001998;Masculino;Sim;2;Não Graduado;Não;7667;0.0;185.0;360.0;;Rural;SIM
LP002002;Feminino;Não;0;Graduado;Não;2917;0.0;84.0;360.0;1.0;SemiUrbano;SIM
LP002004;Masculino;Não;0;Não Graduado;Não;2927;2405.0;111.0;360.0;1.0;SemiUrbano;SIM
LP002006;Feminino;Não;0;Graduado;Não;2507;0.0;56.0;360.0;1.0;Rural;SIM
LP002008;Masculino;Sim;2;Graduado;Sim;5746;0.0;144.0;84.0;;Rural;SIM
LP002024;;Sim;0;Graduado;Não;2473;1843.0;159.0;360.0;1.0;Rural;NÃO
LP002031;Masculino;Sim;1;Não Graduado;Não;3399;1640.0;111.0;180.0;1.0;Urbano;SIM
LP002035;Masculino;Sim;2;Graduado;Não;3717;0.0;120.0;360.0;1.0;SemiUrbano;SIM
LP002036;Masculino;Sim;0;Graduado;Não;2058;2134.0;88.0;360.0;;Urbano;SIM
LP002043;Feminino;Não;1;Graduado;Não;3541;0.0;112.0;360.0;;SemiUrbano;SIM
LP002050;Masculino;Sim;1;Graduado;Sim;10000;0.0;155.0;360.0;1.0;Rural;NÃO
LP002051;Masculino;Sim;0;Graduado;Não;2400;2167.0;115.0;360.0;1.0;SemiUrbano;SIM
LP002053;Masculino;Sim;3+;Graduado;Não;4342;189.0;124.0;360.0;1.0;SemiUrbano;SIM
LP002054;Masculino;Sim;2;Não Graduado;Não;3601;1590.0;;360.0;1.0;Rural;SIM
LP002055;Feminino;Não;0;Graduado;Não;3166;2985.0;132.0;360.0;;Rural;SIM
LP002065;Masculino;Sim;3+;Graduado;Não;15000;0.0;300.0;360.0;1.0;Rural;SIM
LP002067;Masculino;Sim;1;Graduado;Sim;8666;4983.0;376.0;360.0;0.0;Rural;NÃO
LP002068;Masculino;Não;0;Graduado;Não;4917;0.0;130.0;360.0;0.0;Rural;SIM
LP002082;Masculino;Sim;0;Graduado;Sim;5818;2160.0;184.0;360.0;1.0;SemiUrbano;SIM
LP002086;Feminino;Sim;0;Graduado;Não;4333;2451.0;110.0;360.0;1.0;Urbano;NÃO
LP002087;Feminino;Não;0;Graduado;Não;2500;0.0;67.0;360.0;1.0;Urbano;SIM
LP002097;Masculino;Não;1;Graduado;Não;4384;1793.0;117.0;360.0;1.0;Urbano;SIM
LP002098;Masculino;Não;0;Graduado;Não;2935;0.0;98.0;360.0;1.0;SemiUrbano;SIM
LP002100;Masculino;Não;;Graduado;Não;2833;0.0;71.0;360.0;1.0;Urbano;SIM
LP002101;Masculino;Sim;0;Graduado;;63337;0.0;490.0;180.0;1.0;Urbano;SIM
LP002103;;Sim;1;Graduado;Sim;9833;1833.0;182.0;180.0;1.0;Urbano;SIM
LP002106;Masculino;Sim;;Graduado;Sim;5503;4490.0;70.0;;1.0;SemiUrbano;SIM
LP002110;Masculino;Sim;1;Graduado;;5250;688.0;160.0;360.0;1.0;Rural;SIM
LP002112;Masculino;Sim;2;Graduado;Sim;2500;4600.0;176.0;360.0;1.0;Rural;SIM
LP002113;Feminino;Não;3+;Não Graduado;Não;1830;0.0;;360.0;0.0;Urbano;NÃO
LP002114;Feminino;Não;0;Graduado;Não;4160;0.0;71.0;360.0;1.0;SemiUrbano;SIM
LP002115;Masculino;Sim;3+;Não Graduado;Não;2647;1587.0;173.0;360.0;1.0;Rural;NÃO
LP002116;Feminino;Não;0;Graduado;Não;2378;0.0;46.0;360.0;1.0;Rural;NÃO
LP002119;Masculino;Sim;1;Não Graduado;Não;4554;1229.0;158.0;360.0;1.0;Urbano;SIM
LP002126;Masculino;Sim;3+;Não Graduado;Não;3173;0.0;74.0;360.0;1.0;SemiUrbano;SIM
LP002128;Masculino;Sim;2;Graduado;;2583;2330.0;125.0;360.0;1.0;Rural;SIM
LP002129;Masculino;Sim;0;Graduado;Não;2499;2458.0;160.0;360.0;1.0;SemiUrbano;SIM
LP002130;Masculino;Sim;;Não Graduado;Não;3523;3230.0;152.0;360.0;0.0;Rural;NÃO
LP002131;Masculino;Sim;2;Não Graduado;Não;3083;2168.0;126.0;360.0;1.0;Urbano;SIM
LP002137;Masculino;Sim;0;Graduado;Não;6333;4583.0;259.0;360.0;;SemiUrbano;SIM
LP002138;Masculino;Sim;0;Graduado;Não;2625;6250.0;187.0;360.0;1.0;Rural;SIM
LP002139;Masculino;Sim;0;Graduado;Não;9083;0.0;228.0;360.0;1.0;SemiUrbano;SIM
LP002140;Masculino;Não;0;Graduado;Não;8750;4167.0;308.0;360.0;1.0;Rural;NÃO
LP002141;Masculino;Sim;3+;Graduado;Não;2666;2083.0;95.0;360.0;1.0;Rural;SIM
LP002142;Feminino;Sim;0;Graduado;Sim;5500;0.0;105.0;360.0;0.0;Rural;NÃO
LP002143;Feminino;Sim;0;Graduado;Não;2423;505.0;130.0;360.0;1.0;SemiUrbano;SIM
LP002144;Feminino;Não;;Graduado;Não;3813;0.0;116.0;180.0;1.0;Urbano;SIM
LP002149;Masculino;Sim;2;Graduado;Não;8333;3167.0;165.0;360.0;1.0;Rural;SIM
LP002151;Masculino;Sim;1;Graduado;Não;3875;0.0;67.0;360.0;1.0;Urbano;NÃO
LP002158;Masculino;Sim;0;Não Graduado;Não;3000;1666.0;100.0;480.0;0.0;Urbano;NÃO
LP002160;Masculino;Sim;3+;Graduado;Não;5167;3167.0;200.0;360.0;1.0;SemiUrbano;SIM
LP002161;Feminino;Não;1;Graduado;Não;4723;0.0;81.0;360.0;1.0;SemiUrbano;NÃO
LP002170;Masculino;Sim;2;Graduado;Não;5000;3667.0;236.0;360.0;1.0;SemiUrbano;SIM
LP002175;Masculino;Sim;0;Graduado;Não;4750;2333.0;130.0;360.0;1.0;Urbano;SIM
LP002178;Masculino;Sim;0;Graduado;Não;3013;3033.0;95.0;300.0;;Urbano;SIM
LP002180;Masculino;Não;0;Graduado;Sim;6822;0.0;141.0;360.0;1.0;Rural;SIM
LP002181;Masculino;Não;0;Não Graduado;Não;6216;0.0;133.0;360.0;1.0;Rural;NÃO
LP002187;Masculino;Não;0;Graduado;Não;2500;0.0;96.0;480.0;1.0;SemiUrbano;NÃO
LP002188;Masculino;Não;0;Graduado;Não;5124;0.0;124.0;;0.0;Rural;NÃO
LP002190;Masculino;Sim;1;Graduado;Não;6325;0.0;175.0;360.0;1.0;SemiUrbano;SIM
LP002191;Masculino;Sim;0;Graduado;Não;19730;5266.0;570.0;360.0;1.0;Rural;NÃO
LP002194;Feminino;Não;0;Graduado;Sim;15759;0.0;55.0;360.0;1.0;SemiUrbano;SIM
LP002197;Masculino;Sim;2;Graduado;Não;5185;0.0;155.0;360.0;1.0;SemiUrbano;SIM
LP002201;Masculino;Sim;2;Graduado;Sim;9323;7873.0;380.0;300.0;1.0;Rural;SIM
LP002205;Masculino;Não;1;Graduado;Não;3062;1987.0;111.0;180.0;0.0;Urbano;NÃO
LP002209;Feminino;Não;0;Graduado;;2764;1459.0;110.0;360.0;1.0;Urbano;SIM
LP002211;Masculino;Sim;0;Graduado;Não;4817;923.0;120.0;180.0;1.0;Urbano;SIM
LP002219;Masculino;Sim;3+;Graduado;Não;8750;4996.0;130.0;360.0;1.0;Rural;SIM
LP002223;Masculino;Sim;0;Graduado;Não;4310;0.0;130.0;360.0;;SemiUrbano;SIM
LP002224;Masculino;Não;0;Graduado;Não;3069;0.0;71.0;480.0;1.0;Urbano;NÃO
LP002225;Masculino;Sim;2;Graduado;Não;5391;0.0;130.0;360.0;1.0;Urbano;SIM
LP002226;Masculino;Sim;0;Graduado;;3333;2500.0;128.0;360.0;1.0;SemiUrbano;SIM
LP002229;Masculino;Não;0;Graduado;Não;5941;4232.0;296.0;360.0;1.0;SemiUrbano;SIM
LP002231;Feminino;Não;0;Graduado;Não;6000;0.0;156.0;360.0;1.0;Urbano;SIM
LP002234;Masculino;Não;0;Graduado;Sim;7167;0.0;128.0;360.0;1.0;Urbano;SIM
LP002236;Masculino;Sim;2;Graduado;Não;4566;0.0;100.0;360.0;1.0;Urbano;NÃO
LP002237;Masculino;Não;1;Graduado;;3667;0.0;113.0;180.0;1.0;Urbano;SIM
LP002239;Masculino;Não;0;Não Graduado;Não;2346;1600.0;132.0;360.0;1.0;SemiUrbano;SIM
LP002243;Masculino;Sim;0;Não Graduado;Não;3010;3136.0;;360.0;0.0;Urbano;NÃO
LP002244;Masculino;Sim;0;Graduado;Não;2333;2417.0;136.0;360.0;1.0;Urbano;SIM
LP002250;Masculino;Sim;0;Graduado;Não;5488;0.0;125.0;360.0;1.0;Rural;SIM
LP002255;Masculino;Não;3+;Graduado;Não;9167;0.0;185.0;360.0;1.0;Rural;SIM
LP002262;Masculino;Sim;3+;Graduado;Não;9504;0.0;275.0;360.0;1.0;Rural;SIM
LP002263;Masculino;Sim;0;Graduado;Não;2583;2115.0;120.0;360.0;;Urbano;SIM
LP002265;Masculino;Sim;2;Não Graduado;Não;1993;1625.0;113.0;180.0;1.0;SemiUrbano;SIM
LP002266;Masculino;Sim;2;Graduado;Não;3100;1400.0;113.0;360.0;1.0;Urbano;SIM
LP002272;Masculino;Sim;2;Graduado;Não;3276;484.0;135.0;360.0;;SemiUrbano;SIM
LP002277;Feminino;Não;0;Graduado;Não;3180;0.0;71.0;360.0;0.0;Urbano;NÃO
LP002281;Masculino;Sim;0;Graduado;Não;3033;1459.0;95.0;360.0;1.0;Urbano;SIM
LP002284;Masculino;Não;0;Não Graduado;Não;3902;1666.0;109.0;360.0;1.0;Rural;SIM
LP002287;Feminino;Não;0;Graduado;Não;1500;1800.0;103.0;360.0;0.0;SemiUrbano;NÃO
LP002288;Masculino;Sim;2;Não Graduado;Não;2889;0.0;45.0;180.0;0.0;Urbano;NÃO
LP002296;Masculino;Não;0;Não Graduado;Não;2755;0.0;65.0;300.0;1.0;Rural;NÃO
LP002297;Masculino;Não;0;Graduado;Não;2500;20000.0;103.0;360.0;1.0;SemiUrbano;SIM
LP002300;Feminino;Não;0;Não Graduado;Não;1963;0.0;53.0;360.0;1.0;SemiUrbano;SIM
LP002301;Feminino;Não;0;Graduado;Sim;7441;0.0;194.0;360.0;1.0;Rural;NÃO
LP002305;Feminino;Não;0;Graduado;Não;4547;0.0;115.0;360.0;1.0;SemiUrbano;SIM
LP002308;Masculino;Sim;0;Não Graduado;Não;2167;2400.0;115.0;360.0;1.0;Urbano;SIM
LP002314;Feminino;Não;0;Não Graduado;Não;2213;0.0;66.0;360.0;1.0;Rural;SIM
LP002315;Masculino;Sim;1;Graduado;Não;8300;0.0;152.0;300.0;0.0;SemiUrbano;NÃO
LP002317;Masculino;Sim;3+;Graduado;Não;81000;0.0;360.0;360.0;0.0;Rural;NÃO
LP002318;Feminino;Não;1;Não Graduado;Sim;3867;0.0;62.0;360.0;1.0;SemiUrbano;NÃO
LP002319;Masculino;Sim;0;Graduado;;6256;0.0;160.0;360.0;;Urbano;SIM
LP002328;Masculino;Sim;0;Não Graduado;Não;6096;0.0;218.0;360.0;0.0;Rural;NÃO
LP002332;Masculino;Sim;0;Não Graduado;Não;2253;2033.0;110.0;360.0;1.0;Rural;SIM
LP002335;Feminino;Sim;0;Não Graduado;Não;2149;3237.0;178.0;360.0;0.0;SemiUrbano;NÃO
LP002337;Feminino;Não;0;Graduado;Não;2995;0.0;60.0;360.0;1.0;Urbano;SIM
LP002341;Feminino;Não;1;Graduado;Não;2600;0.0;160.0;360.0;1.0;Urbano;NÃO
LP002342;Masculino;Sim;2;Graduado;Sim;1600;20000.0;239.0;360.0;1.0;Urbano;NÃO
LP002345;Masculino;Sim;0;Graduado;Não;1025;2773.0;112.0;360.0;1.0;Rural;SIM
LP002347;Masculino;Sim;0;Graduado;Não;3246;1417.0;138.0;360.0;1.0;SemiUrbano;SIM
LP002348;Masculino;Sim;0;Graduado;Não;5829;0.0;138.0;360.0;1.0;Rural;SIM
LP002357;Feminino;Não;0;Não Graduado;Não;2720;0.0;80.0;;0.0;Urbano;NÃO
LP002361;Masculino;Sim;0;Graduado;Não;1820;1719.0;100.0;360.0;1.0;Urbano;SIM
LP002362;Masculino;Sim;1;Graduado;Não;7250;1667.0;110.0;;0.0;Urbano;NÃO
LP002364;Masculino;Sim;0;Graduado;Não;14880;0.0;96.0;360.0;1.0;SemiUrbano;SIM
LP002366;Masculino;Sim;0;Graduado;Não;2666;4300.0;121.0;360.0;1.0;Rural;SIM
LP002367;Feminino;Não;1;Não Graduado;Não;4606;0.0;81.0;360.0;1.0;Rural;NÃO
LP002368;Masculino;Sim;2;Graduado;Não;5935;0.0;133.0;360.0;1.0;SemiUrbano;SIM
LP002369;Masculino;Sim;0;Graduado;Não;2920;1.612.000.084;87.0;360.0;1.0;Rural;SIM
LP002370;Masculino;Não;0;Não Graduado;Não;2717;0.0;60.0;180.0;1.0;Urbano;SIM
LP002377;Feminino;Não;1;Graduado;Sim;8624;0.0;150.0;360.0;1.0;SemiUrbano;SIM
LP002379;Masculino;Não;0;Graduado;Não;6500;0.0;105.0;360.0;0.0;Rural;NÃO
LP002386;Masculino;Não;0;Graduado;;12876;0.0;405.0;360.0;1.0;SemiUrbano;SIM
LP002387;Masculino;Sim;0;Graduado;Não;2425;2340.0;143.0;360.0;1.0;SemiUrbano;SIM
LP002390;Masculino;Não;0;Graduado;Não;3750;0.0;100.0;360.0;1.0;Urbano;SIM
LP002393;Feminino;;;Graduado;Não;10047;0.0;;240.0;1.0;SemiUrbano;SIM
LP002398;Masculino;Não;0;Graduado;Não;1926;1851.0;50.0;360.0;1.0;SemiUrbano;SIM
LP002401;Masculino;Sim;0;Graduado;Não;2213;1125.0;;360.0;1.0;Urbano;SIM
LP002403;Masculino;Não;0;Graduado;Sim;10416;0.0;187.0;360.0;0.0;Urbano;NÃO
LP002407;Feminino;Sim;0;Não Graduado;Sim;7142;0.0;138.0;360.0;1.0;Rural;SIM
LP002408;Masculino;Não;0;Graduado;Não;3660;5064.0;187.0;360.0;1.0;SemiUrbano;SIM
LP002409;Masculino;Sim;0;Graduado;Não;7901;1833.0;180.0;360.0;1.0;Rural;SIM
LP002418;Masculino;Não;3+;Não Graduado;Não;4707;1993.0;148.0;360.0;1.0;SemiUrbano;SIM
LP002422;Masculino;Não;1;Graduado;Não;37719;0.0;152.0;360.0;1.0;SemiUrbano;SIM
LP002424;Masculino;Sim;0;Graduado;Não;7333;8333.0;175.0;300.0;;Rural;SIM
LP002429;Masculino;Sim;1;Graduado;Sim;3466;1210.0;130.0;360.0;1.0;Rural;SIM
LP002434;Masculino;Sim;2;Não Graduado;Não;4652;0.0;110.0;360.0;1.0;Rural;SIM
LP002435;Masculino;Sim;0;Graduado;;3539;1376.0;55.0;360.0;1.0;Rural;NÃO
LP002443;Masculino;Sim;2;Graduado;Não;3340;1710.0;150.0;360.0;0.0;Rural;NÃO
LP002444;Masculino;Não;1;Não Graduado;Sim;2769;1542.0;190.0;360.0;;SemiUrbano;NÃO
LP002446;Masculino;Sim;2;Não Graduado;Não;2309;1255.0;125.0;360.0;0.0;Rural;NÃO
LP002447;Masculino;Sim;2;Não Graduado;Não;1958;1456.0;60.0;300.0;;Urbano;SIM
LP002448;Masculino;Sim;0;Graduado;Não;3948;1733.0;149.0;360.0;0.0;Rural;NÃO
LP002449;Masculino;Sim;0;Graduado;Não;2483;2466.0;90.0;180.0;0.0;Rural;SIM
LP002453;Masculino;Não;0;Graduado;Sim;7085;0.0;84.0;360.0;1.0;SemiUrbano;SIM
LP002455;Masculino;Sim;2;Graduado;Não;3859;0.0;96.0;360.0;1.0;SemiUrbano;SIM
LP002459;Masculino;Sim;0;Graduado;Não;4301;0.0;118.0;360.0;1.0;Urbano;SIM
LP002467;Masculino;Sim;0;Graduado;Não;3708;2569.0;173.0;360.0;1.0;Urbano;NÃO
LP002472;Masculino;Não;2;Graduado;Não;4354;0.0;136.0;360.0;1.0;Rural;SIM
LP002473;Masculino;Sim;0;Graduado;Não;8334;0.0;160.0;360.0;1.0;SemiUrbano;NÃO
LP002478;;Sim;0;Graduado;Sim;2083;4083.0;160.0;360.0;;SemiUrbano;SIM
LP002484;Masculino;Sim;3+;Graduado;Não;7740;0.0;128.0;180.0;1.0;Urbano;SIM
LP002487;Masculino;Sim;0;Graduado;Não;3015;2188.0;153.0;360.0;1.0;Rural;SIM
LP002489;Feminino;Não;1;Não Graduado;;5191;0.0;132.0;360.0;1.0;SemiUrbano;SIM
LP002493;Masculino;Não;0;Graduado;Não;4166;0.0;98.0;360.0;0.0;SemiUrbano;NÃO
LP002494;Masculino;Não;0;Graduado;Não;6000;0.0;140.0;360.0;1.0;Rural;SIM
LP002500;Masculino;Sim;3+;Não Graduado;Não;2947;1664.0;70.0;180.0;0.0;Urbano;NÃO
LP002501;;Sim;0;Graduado;Não;16692;0.0;110.0;360.0;1.0;SemiUrbano;SIM
LP002502;Feminino;Sim;2;Não Graduado;;210;2917.0;98.0;360.0;1.0;SemiUrbano;SIM
LP002505;Masculino;Sim;0;Graduado;Não;4333;2451.0;110.0;360.0;1.0;Urbano;NÃO
LP002515;Masculino;Sim;1;Graduado;Sim;3450;2079.0;162.0;360.0;1.0;SemiUrbano;SIM
LP002517;Masculino;Sim;1;Não Graduado;Não;2653;1500.0;113.0;180.0;0.0;Rural;NÃO
LP002519;Masculino;Sim;3+;Graduado;Não;4691;0.0;100.0;360.0;1.0;SemiUrbano;SIM
LP002522;Feminino;Não;0;Graduado;Sim;2500;0.0;93.0;360.0;;Urbano;SIM
LP002524;Masculino;Não;2;Graduado;Não;5532;4648.0;162.0;360.0;1.0;Rural;SIM
LP002527;Masculino;Sim;2;Graduado;Sim;16525;1014.0;150.0;360.0;1.0;Rural;SIM
LP002529;Masculino;Sim;2;Graduado;Não;6700;1750.0;230.0;300.0;1.0;SemiUrbano;SIM
LP002530;;Sim;2;Graduado;Não;2873;1872.0;132.0;360.0;0.0;SemiUrbano;NÃO
LP002531;Masculino;Sim;1;Graduado;Sim;16667;2250.0;86.0;360.0;1.0;SemiUrbano;SIM
LP002533;Masculino;Sim;2;Graduado;Não;2947;1603.0;;360.0;1.0;Urbano;NÃO
LP002534;Feminino;Não;0;Não Graduado;Não;4350;0.0;154.0;360.0;1.0;Rural;SIM
LP002536;Masculino;Sim;3+;Não Graduado;Não;3095;0.0;113.0;360.0;1.0;Rural;SIM
LP002537;Masculino;Sim;0;Graduado;Não;2083;3150.0;128.0;360.0;1.0;SemiUrbano;SIM
LP002541;Masculino;Sim;0;Graduado;Não;10833;0.0;234.0;360.0;1.0;SemiUrbano;SIM
LP002543;Masculino;Sim;2;Graduado;Não;8333;0.0;246.0;360.0;1.0;SemiUrbano;SIM
LP002544;Masculino;Sim;1;Não Graduado;Não;1958;2436.0;131.0;360.0;1.0;Rural;SIM
LP002545;Masculino;Não;2;Graduado;Não;3547;0.0;80.0;360.0;0.0;Rural;NÃO
LP002547;Masculino;Sim;1;Graduado;Não;18333;0.0;500.0;360.0;1.0;Urbano;NÃO
LP002555;Masculino;Sim;2;Graduado;Sim;4583;2083.0;160.0;360.0;1.0;SemiUrbano;SIM
LP002556;Masculino;Não;0;Graduado;Não;2435;0.0;75.0;360.0;1.0;Urbano;NÃO
LP002560;Masculino;Não;0;Não Graduado;Não;2699;2785.0;96.0;360.0;;SemiUrbano;SIM
LP002562;Masculino;Sim;1;Não Graduado;Não;5333;1131.0;186.0;360.0;;Urbano;SIM
LP002571;Masculino;Não;0;Não Graduado;Não;3691;0.0;110.0;360.0;1.0;Rural;SIM
LP002582;Feminino;Não;0;Não Graduado;Sim;17263;0.0;225.0;360.0;1.0;SemiUrbano;SIM
LP002585;Masculino;Sim;0;Graduado;Não;3597;2157.0;119.0;360.0;0.0;Rural;NÃO
LP002586;Feminino;Sim;1;Graduado;Não;3326;913.0;105.0;84.0;1.0;SemiUrbano;SIM
LP002587;Masculino;Sim;0;Não Graduado;Não;2600;1700.0;107.0;360.0;1.0;Rural;SIM
LP002588;Masculino;Sim;0;Graduado;Não;4625;2857.0;111.0;12.0;;Urbano;SIM
LP002600;Masculino;Sim;1;Graduado;Sim;2895;0.0;95.0;360.0;1.0;SemiUrbano;SIM
LP002602;Masculino;Não;0;Graduado;Não;6283;4416.0;209.0;360.0;0.0;Rural;NÃO
LP002603;Feminino;Não;0;Graduado;Não;645;3683.0;113.0;480.0;1.0;Rural;SIM
LP002606;Feminino;Não;0;Graduado;Não;3159;0.0;100.0;360.0;1.0;SemiUrbano;SIM
LP002615;Masculino;Sim;2;Graduado;Não;4865;5624.0;208.0;360.0;1.0;SemiUrbano;SIM
LP002618;Masculino;Sim;1;Não Graduado;Não;4050;5302.0;138.0;360.0;;Rural;NÃO
LP002619;Masculino;Sim;0;Não Graduado;Não;3814;1483.0;124.0;300.0;1.0;SemiUrbano;SIM
LP002622;Masculino;Sim;2;Graduado;Não;3510;4416.0;243.0;360.0;1.0;Rural;SIM
LP002624;Masculino;Sim;0;Graduado;Não;20833;6667.0;480.0;360.0;;Urbano;SIM
LP002625;;Não;0;Graduado;Não;3583;0.0;96.0;360.0;1.0;Urbano;NÃO
LP002626;Masculino;Sim;0;Graduado;Sim;2479;3013.0;188.0;360.0;1.0;Urbano;SIM
LP002634;Feminino;Não;1;Graduado;Não;13262;0.0;40.0;360.0;1.0;Urbano;SIM
LP002637;Masculino;Não;0;Não Graduado;Não;3598;1287.0;100.0;360.0;1.0;Rural;NÃO
LP002640;Masculino;Sim;1;Graduado;Não;6065;2004.0;250.0;360.0;1.0;SemiUrbano;SIM
LP002643;Masculino;Sim;2;Graduado;Não;3283;2035.0;148.0;360.0;1.0;Urbano;SIM
LP002648;Masculino;Sim;0;Graduado;Não;2130;6666.0;70.0;180.0;1.0;SemiUrbano;NÃO
LP002652;Masculino;Não;0;Graduado;Não;5815;3666.0;311.0;360.0;1.0;Rural;NÃO
LP002659;Masculino;Sim;3+;Graduado;Não;3466;3428.0;150.0;360.0;1.0;Rural;SIM
LP002670;Feminino;Sim;2;Graduado;Não;2031;1632.0;113.0;480.0;1.0;SemiUrbano;SIM
LP002682;Masculino;Sim;;Não Graduado;Não;3074;1800.0;123.0;360.0;0.0;SemiUrbano;NÃO
LP002683;Masculino;Não;0;Graduado;Não;4683;1915.0;185.0;360.0;1.0;SemiUrbano;NÃO
LP002684;Feminino;Não;0;Não Graduado;Não;3400;0.0;95.0;360.0;1.0;Rural;NÃO
LP002689;Masculino;Sim;2;Não Graduado;Não;2192;1742.0;45.0;360.0;1.0;SemiUrbano;SIM
LP002690;Masculino;Não;0;Graduado;Não;2500;0.0;55.0;360.0;1.0;SemiUrbano;SIM
LP002692;Masculino;Sim;3+;Graduado;Sim;5677;1424.0;100.0;360.0;1.0;Rural;SIM
LP002693;Masculino;Sim;2;Graduado;Sim;7948;7166.0;480.0;360.0;1.0;Rural;SIM
LP002697;Masculino;Não;0;Graduado;Não;4680;2087.0;;360.0;1.0;SemiUrbano;NÃO
LP002699;Masculino;Sim;2;Graduado;Sim;17500;0.0;400.0;360.0;1.0;Rural;SIM
LP002705;Masculino;Sim;0;Graduado;Não;3775;0.0;110.0;360.0;1.0;SemiUrbano;SIM
LP002706;Masculino;Sim;1;Não Graduado;Não;5285;1430.0;161.0;360.0;0.0;SemiUrbano;SIM
LP002714;Masculino;Não;1;Não Graduado;Não;2679;1302.0;94.0;360.0;1.0;SemiUrbano;SIM
LP002716;Masculino;Não;0;Não Graduado;Não;6783;0.0;130.0;360.0;1.0;SemiUrbano;SIM
LP002717;Masculino;Sim;0;Graduado;Não;1025;5500.0;216.0;360.0;;Rural;SIM
LP002720;Masculino;Sim;3+;Graduado;Não;4281;0.0;100.0;360.0;1.0;Urbano;SIM
LP002723;Masculino;Não;2;Graduado;Não;3588;0.0;110.0;360.0;0.0;Rural;NÃO
LP002729;Masculino;Não;1;Graduado;Não;11250;0.0;196.0;360.0;;SemiUrbano;NÃO
LP002731;Feminino;Não;0;Não Graduado;Sim;18165;0.0;125.0;360.0;1.0;Urbano;SIM
LP002732;Masculino;Não;0;Não Graduado;;2550;2042.0;126.0;360.0;1.0;Rural;SIM
LP002734;Masculino;Sim;0;Graduado;Não;6133;3906.0;324.0;360.0;1.0;Urbano;SIM
LP002738;Masculino;Não;2;Graduado;Não;3617;0.0;107.0;360.0;1.0;SemiUrbano;SIM
LP002739;Masculino;Sim;0;Não Graduado;Não;2917;536.0;66.0;360.0;1.0;Rural;NÃO
LP002740;Masculino;Sim;3+;Graduado;Não;6417;0.0;157.0;180.0;1.0;Rural;SIM
LP002741;Feminino;Sim;1;Graduado;Não;4608;2845.0;140.0;180.0;1.0;SemiUrbano;SIM
LP002743;Feminino;Não;0;Graduado;Não;2138;0.0;99.0;360.0;0.0;SemiUrbano;NÃO
LP002753;Feminino;Não;1;Graduado;;3652;0.0;95.0;360.0;1.0;SemiUrbano;SIM
LP002755;Masculino;Sim;1;Não Graduado;Não;2239;2524.0;128.0;360.0;1.0;Urbano;SIM
LP002757;Feminino;Sim;0;Não Graduado;Não;3017;663.0;102.0;360.0;;SemiUrbano;SIM
LP002767;Masculino;Sim;0;Graduado;Não;2768;1950.0;155.0;360.0;1.0;Rural;SIM
LP002768;Masculino;Não;0;Não Graduado;Não;3358;0.0;80.0;36.0;1.0;SemiUrbano;NÃO
LP002772;Masculino;Não;0;Graduado;Não;2526;1783.0;145.0;360.0;1.0;Rural;SIM
LP002776;Feminino;Não;0;Graduado;Não;5000;0.0;103.0;360.0;0.0;SemiUrbano;NÃO
LP002777;Masculino;Sim;0;Graduado;Não;2785;2016.0;110.0;360.0;1.0;Rural;SIM
LP002778;Masculino;Sim;2;Graduado;Sim;6633;0.0;;360.0;0.0;Rural;NÃO
LP002784;Masculino;Sim;1;Não Graduado;Não;2492;2375.0;;360.0;1.0;Rural;SIM
LP002785;Masculino;Sim;1;Graduado;Não;3333;3250.0;158.0;360.0;1.0;Urbano;SIM
LP002788;Masculino;Sim;0;Não Graduado;Não;2454;2333.0;181.0;360.0;0.0;Urbano;NÃO
LP002789;Masculino;Sim;0;Graduado;Não;3593;4266.0;132.0;180.0;0.0;Rural;NÃO
LP002792;Masculino;Sim;1;Graduado;Não;5468;1032.0;26.0;360.0;1.0;SemiUrbano;SIM
LP002794;Feminino;Não;0;Graduado;Não;2667;1625.0;84.0;360.0;;Urbano;SIM
LP002795;Masculino;Sim;3+;Graduado;Sim;10139;0.0;260.0;360.0;1.0;SemiUrbano;SIM
LP002798;Masculino;Sim;0;Graduado;Não;3887;2669.0;162.0;360.0;1.0;SemiUrbano;SIM
LP002804;Feminino;Sim;0;Graduado;Não;4180;2306.0;182.0;360.0;1.0;SemiUrbano;SIM
LP002807;Masculino;Sim;2;Não Graduado;Não;3675;242.0;108.0;360.0;1.0;SemiUrbano;SIM
LP002813;Feminino;Sim;1;Graduado;Sim;19484;0.0;600.0;360.0;1.0;SemiUrbano;SIM
LP002820;Masculino;Sim;0;Graduado;Não;5923;2054.0;211.0;360.0;1.0;Rural;SIM
LP002821;Masculino;Não;0;Não Graduado;Sim;5800;0.0;132.0;360.0;1.0;SemiUrbano;SIM
LP002832;Masculino;Sim;2;Graduado;Não;8799;0.0;258.0;360.0;0.0;Urbano;NÃO
LP002833;Masculino;Sim;0;Não Graduado;Não;4467;0.0;120.0;360.0;;Rural;SIM
LP002836;Masculino;Não;0;Graduado;Não;3333;0.0;70.0;360.0;1.0;Urbano;SIM
LP002837;Masculino;Sim;3+;Graduado;Não;3400;2500.0;123.0;360.0;0.0;Rural;NÃO
LP002840;Feminino;Não;0;Graduado;Não;2378;0.0;9.0;360.0;1.0;Urbano;NÃO
LP002841;Masculino;Sim;0;Graduado;Não;3166;2064.0;104.0;360.0;0.0;Urbano;NÃO
LP002842;Masculino;Sim;1;Graduado;Não;3417;1750.0;186.0;360.0;1.0;Urbano;SIM
LP002847;Masculino;Sim;;Graduado;Não;5116;1451.0;165.0;360.0;0.0;Urbano;NÃO
LP002855;Masculino;Sim;2;Graduado;Não;16666;0.0;275.0;360.0;1.0;Urbano;SIM
LP002862;Masculino;Sim;2;Não Graduado;Não;6125;1625.0;187.0;480.0;1.0;SemiUrbano;NÃO
LP002863;Masculino;Sim;3+;Graduado;Não;6406;0.0;150.0;360.0;1.0;SemiUrbano;NÃO
LP002868;Masculino;Sim;2;Graduado;Não;3159;461.0;108.0;84.0;1.0;Urbano;SIM
LP002872;;Sim;0;Graduado;Não;3087;2210.0;136.0;360.0;0.0;SemiUrbano;NÃO
LP002874;Masculino;Não;0;Graduado;Não;3229;2739.0;110.0;360.0;1.0;Urbano;SIM
LP002877;Masculino;Sim;1;Graduado;Não;1782;2232.0;107.0;360.0;1.0;Rural;SIM
LP002888;Masculino;Não;0;Graduado;;3182;2917.0;161.0;360.0;1.0;Urbano;SIM
LP002892;Masculino;Sim;2;Graduado;Não;6540;0.0;205.0;360.0;1.0;SemiUrbano;SIM
LP002893;Masculino;Não;0;Graduado;Não;1836;33837.0;90.0;360.0;1.0;Urbano;NÃO
LP002894;Feminino;Sim;0;Graduado;Não;3166;0.0;36.0;360.0;1.0;SemiUrbano;SIM
LP002898;Masculino;Sim;1;Graduado;Não;1880;0.0;61.0;360.0;;Rural;NÃO
LP002911;Masculino;Sim;1;Graduado;Não;2787;1917.0;146.0;360.0;0.0;Rural;NÃO
LP002912;Masculino;Sim;1;Graduado;Não;4283;3000.0;172.0;84.0;1.0;Rural;NÃO
LP002916;Masculino;Sim;0;Graduado;Não;2297;1522.0;104.0;360.0;1.0;Urbano;SIM
LP002917;Feminino;Não;0;Não Graduado;Não;2165;0.0;70.0;360.0;1.0;SemiUrbano;SIM
LP002925;;Não;0;Graduado;Não;4750;0.0;94.0;360.0;1.0;SemiUrbano;SIM
LP002926;Masculino;Sim;2;Graduado;Sim;2726;0.0;106.0;360.0;0.0;SemiUrbano;NÃO
LP002928;Masculino;Sim;0;Graduado;Não;3000;3416.0;56.0;180.0;1.0;SemiUrbano;SIM
LP002931;Masculino;Sim;2;Graduado;Sim;6000;0.0;205.0;240.0;1.0;SemiUrbano;NÃO
LP002933;;Não;3+;Graduado;Sim;9357;0.0;292.0;360.0;1.0;SemiUrbano;SIM
LP002936;Masculino;Sim;0;Graduado;Não;3859;3300.0;142.0;180.0;1.0;Rural;SIM
LP002938;Masculino;Sim;0;Graduado;Sim;16120;0.0;260.0;360.0;1.0;Urbano;SIM
LP002940;Masculino;Não;0;Não Graduado;Não;3833;0.0;110.0;360.0;1.0;Rural;SIM
LP002941;Masculino;Sim;2;Não Graduado;Sim;6383;1000.0;187.0;360.0;1.0;Rural;NÃO
LP002943;Masculino;Não;;Graduado;Não;2987;0.0;88.0;360.0;0.0;SemiUrbano;NÃO
LP002945;Masculino;Sim;0;Graduado;Sim;9963;0.0;180.0;360.0;1.0;Rural;SIM
LP002948;Masculino;Sim;2;Graduado;Não;5780;0.0;192.0;360.0;1.0;Urbano;SIM
LP002949;Feminino;Não;3+;Graduado;;416;41667.0;350.0;180.0;;Urbano;NÃO
LP002950;Masculino;Sim;0;Não Graduado;;2894;2792.0;155.0;360.0;1.0;Rural;SIM
LP002953;Masculino;Sim;3+;Graduado;Não;5703;0.0;128.0;360.0;1.0;Urbano;SIM
LP002958;Masculino;Não;0;Graduado;Não;3676;4301.0;172.0;360.0;1.0;Rural;SIM
LP002959;Feminino;Sim;1;Graduado;Não;12000;0.0;496.0;360.0;1.0;SemiUrbano;SIM
LP002960;Masculino;Sim;0;Não Graduado;Não;2400;3800.0;;180.0;1.0;Urbano;NÃO
LP002961;Masculino;Sim;1;Graduado;Não;3400;2500.0;173.0;360.0;1.0;SemiUrbano;SIM
LP002964;Masculino;Sim;2;Não Graduado;Não;3987;1411.0;157.0;360.0;1.0;Rural;SIM
LP002974;Masculino;Sim;0;Graduado;Não;3232;1950.0;108.0;360.0;1.0;Rural;SIM
LP002978;Feminino;Não;0;Graduado;Não;2900;0.0;71.0;360.0;1.0;Rural;SIM
LP002979;Masculino;Sim;3+;Graduado;Não;4106;0.0;40.0;180.0;1.0;Rural;SIM
LP002983;Masculino;Sim;1;Graduado;Não;8072;240.0;253.0;360.0;1.0;Urbano;SIM
LP002984;Masculino;Sim;2;Graduado;Não;7583;0.0;187.0;360.0;1.0;Urbano;SIM
LP002990;Feminino;Não;0;Graduado;Sim;4583;0.0;133.0;360.0;0.0;SemiUrbano;NÃO
